Customer,Item,Quantity
JAS,PathTrak,3
JAS,Repair,2
3 RIVERS COMMUNICATIONS,Accessories,4
3 RIVERS COMMUNICATIONS,Probe Tips,2
3 RIVERS COMMUNICATIONS,Test Devices,4
A + COMMUNICATIONS,SDA-5000,10
AASKI TECHNOLOGY,Common Product,2
AASKI TECHNOLOGY,TB-6000A Transport Module,2
ABB,HST-3000 SIMs,2
ABB,HST-3000C,4
ACACIA COMMUNICATION,Probe Tips,4
ACCELINK TECHNOLOGIES,Support Plans,3
ACCESS NETWORKS,Misc Hardware,6
ACCU-TECH,Test Devices,10
ACELA TECHNOLOGIES,RANAdvisor Product,1
ACELA TECHNOLOGIES,Repair,3
ACR QUALITY COMMUNICATIONS,Digital Inspection & Test,1
ACUATIVE,nTAPs,2
ADAMS CABLE SERVICE,Repair,3
ADVA OPTICAL NETWORKING,Repair,8
ADVANCED TEST EQUIPMENT CORP,OTDR - FiberComplete modules,6
AEGIS,nTAPs,2
AEGIS,PT Hardware,16
AERO COMMUNICATIONS,ACE,1
AERO COMMUNICATIONS,SDA-5000,4
AFC GROUP,SmartClass Triple Play,6
AFC GROUP,Test Devices,2
AFL GLOBAL,Repair,2
AFL NETWORK SERVICES,Digital Inspection & Test,1
AFL NETWORK SERVICES,T-BERD 8000,1
AGRESOL,Probe Tips,3
AIR CANADA,Repair,4
ALCATEL-LUCENT,Attenuators & Backreflector Modules,4
ALCATEL-LUCENT,Benchtop Inspection,2
ALCATEL-LUCENT,Digital Inspection & Test,5
ALCATEL-LUCENT,Probe Tips,4
ALCATEL-LUCENT,PT SART,2
ALCATEL-LUCENT,RANAdvisor Product,29
ALCATEL-LUCENT,RANAdvisor Services & Support,3
ALCATEL-LUCENT,Repair,6
ALCATEL-LUCENT,StrataSync,2
ALCATEL-LUCENT,T-Berd/MTS-5800,3
ALCATEL-LUCENT,Test Devices,1
ALCATEL-LUCENT,XGIG - FC 16G,1
ALPHEUS COMMUNICATIONS,Repair,1
ALTA TELECOM,Benchtop Inspection,4
ALTEA COMMUNICATIONS,GigaStor,3
ALTEA COMMUNICATIONS,nTAPs,1
AMERICA MOVIL,DSAM,33
AMERICA MOVIL,HST-3000C-CE,1
AMERICA MOVIL,Location Intelligence Product,1
AMERICA MOVIL,Location Intelligence Services,2
AMERICA MOVIL,NC Ethernet TT,3
AMERICA MOVIL,NG Assurance Services,6
AMERICA MOVIL,nTAPs,21
AMERICA MOVIL,QT-600-10,168
AMERICA MOVIL,SmartClass ADSL,3
AMERICA MOVIL,TB-6000A Transport Module,1
AMERICA MOVIL,T-Berd/MTS-5800,5
AMERICA MOVIL,Test Devices,7
AMERICA MOVIL,TrueSpeed,3
AMERICAN CABLE ELECTRONIC SERVICES,DSAM,3
AMERICAN CABLE ELECTRONIC SERVICES,Repair,1
AMERICAN CABLE ELECTRONIC SERVICES,SDA-5000,3
AMIRIT TECHNOLOGIES,RANAdvisor Product,9
AMIRIT TECHNOLOGIES,RANAdvisor Services & Support,4
AMPHENOL,Benchtop Inspection,1
AMPHENOL,Digital Inspection & Test,5
ANIXTER,Accessories,37
ANIXTER,Analog Inspection & Test,4
ANIXTER,Certifier,12
ANIXTER,CleanBlast,11
ANIXTER,Digital Inspection & Test,3
ANIXTER,DSAM,2
ANIXTER,HCU1500,2
ANIXTER,HST-3000 SIMs,5
ANIXTER,HST-3000C,28
ANIXTER,HST-3000C-CE,21
ANIXTER,OTDR - FiberComplete modules,3
ANIXTER,Probe Tips,19
ANIXTER,StrataSync,2
ANIXTER,Support Plans,3
ANIXTER,Test Devices,34
ANIXTER,WR Common,3
ARABIA ELECTRIC,HST-3000C,4
ARABIA ELECTRIC,TB-6000A Transport Module,11
ARABIA ELECTRIC,T-BERD 8000,3
ARABIA ELECTRIC,T-Berd/MTS-5800,6
AREA 1 SECURITY,nTAPs,1
ARIA TECHNOLOGIES,Probe Tips,1
ARIZONA PUBLIC SERVICE,Digital Inspection & Test,2
ARMSTRONG UTILITIES,DSAM,7
ARMSTRONG UTILITIES,HCU1500,3
ARMSTRONG UTILITIES,Repair,10
ARRIS GROUP,Accessories,6
ARRIS GROUP,Certifier,15
ARRIS GROUP,Digital Inspection & Test,3
ARRIS GROUP,DSAM,2
ARRIS GROUP,HCU1500,2
ARRIS GROUP,SmartID,4
ARRIS GROUP,StrataSync,2
ARRIS GROUP,Support Plans,1
ARRIS GROUP,Test Devices,3
ASCOM,RANAdvisor Product,5
ASTER,DSAM,12
ASTER,HCU1500,6
ASTER,StrataSync,6
ASTOUND BROADBAND,DSAM,5
ASTOUND BROADBAND,HCU1500,5
ASTOUND BROADBAND,StrataSync,5
ASTOUND BROADBAND,Support Plans,1
AT&T,Accessories,2
AT&T,Converged Assurance Support,10
AT&T,Digital Inspection & Test,1
AT&T,HST-3000 SIMs,4
AT&T,HST-3000C-CE,25
AT&T,Probe Tips,4
AT&T,RANAdvisor Product,4
AT&T,RCATS Product,4
AT&T,Repair,3
AT&T,SmartClass HOME,2
AT&T,T-Berd/MTS-5800,6
AT&T,Test Devices,2
AT&T (ARIBA),BrightJack,4
AT&T (ARIBA),Legacy Wireline Services,11
AT&T (ARIBA),ONX-580,2
AT&T (ARIBA),PT Hardware,2
AT&T (ARIBA),PT SART,8
AT&T (ARIBA),PT Services,1
AT&T (ARIBA),RANAdvisor Product,3
AT&T (ARIBA),Repair,4
AT&T (ARIBA),TB/MTS-2000 Platform,1
AT&T (ARIBA),TB-6000A Transport Module,4
AT&T (ARIBA),T-Berd/MTS-5800,10
AT&T (ARIBA),Volicon,4
AT&T/NEW HORIZONS,Accessories,99
AT&T/NEW HORIZONS,Analog Inspection & Test,2
AT&T/NEW HORIZONS,BrightJack,213
AT&T/NEW HORIZONS,Digital Inspection & Test,17
AT&T/NEW HORIZONS,DSAM,56
AT&T/NEW HORIZONS,HST-3000 SIMs,349
AT&T/NEW HORIZONS,HST-3000C,897
AT&T/NEW HORIZONS,HST-3000C-CE,965
AT&T/NEW HORIZONS,ONX-580,329
AT&T/NEW HORIZONS,Probe Tips,23
AT&T/NEW HORIZONS,Repair,96
AT&T/NEW HORIZONS,SmartClass HOME,352
AT&T/NEW HORIZONS,SmartClass Triple Play,271
AT&T/NEW HORIZONS,SmartID,170
AT&T/NEW HORIZONS,SmartPocket Handhelds,18
AT&T/NEW HORIZONS,TB/MTS 8000 Platform,2
AT&T/NEW HORIZONS,TB-6000A Transport Module,51
AT&T/NEW HORIZONS,T-Berd/MTS-5800,136
AT&T/NEW HORIZONS,Test Devices,230
AT&T/NEW HORIZONS,Ultra FED,286
AT&T/NEW HORIZONS,WiFi Smart Accessory,12
AT&T/NEW HORIZONS,WR Common,8
AT&T/NEW HORIZONS,WS 10G Trans/Regen,8
AT&T/NEW HORIZONS,WS 2.5G Trans/Regen,84
AT&T/SBC,BrightJack,14
AT&T/SBC,Digital Inspection & Test,13
AT&T/SBC,FST-2000,12
AT&T/SBC,FST-2310-DS3,11
AT&T/SBC,FST-2802 G,4
AT&T/SBC,HST-3000 SIMs,26
AT&T/SBC,HST-3000C-CE,123
AT&T/SBC,Repair,98
AT&T/SBC,SmartClass ADSL,5
AT&T/SBC,SmartClass Triple Play,5
AT&T/SBC,T-Berd/MTS-5800,5
AT&T/SBC,Test Devices,5
AT&T/SBC,Ultra FED,29
AT&T/SBC,WS 2.5G Trans/Regen,31
ATLANTIC BROADBAND,T-Berd/MTS-5800,18
ATLANTIC TELECONNECT,Digital Inspection & Test,1
ATRION COMMUNICATION RESOURCES,GigaStor,1
ATRION COMMUNICATION RESOURCES,NI - Maintenance,1
ATRION COMMUNICATION RESOURCES,NI - Professional Services,1
ATRION COMMUNICATION RESOURCES,Observer,1
ATX SERVICES,DSAM,3
ATX SERVICES,HCU1500,3
AURORA NETWORKS,Digital Inspection & Test,20
AUTHOR SOLUTIONS,nTAPs,1
AVAGO TECHNOLOGIES,Accessories,390
AVAGO TECHNOLOGIES,Advanced Signal Conditioning Modules,45
AVAGO TECHNOLOGIES,Analog Inspection & Test,9
AVAGO TECHNOLOGIES,Benchtop Inspection,6
AVAGO TECHNOLOGIES,CleanBlast,9
AVAGO TECHNOLOGIES,Digital Inspection & Test,33
AVAGO TECHNOLOGIES,"MAP-200 Chassis, Accessories & Software",66
AVAGO TECHNOLOGIES,Optical Switch Modules,6
AVAGO TECHNOLOGIES,OST,12
AVAGO TECHNOLOGIES,Probe Tips,48
AVAGO TECHNOLOGIES,Repair,45
AVAGO TECHNOLOGIES,XGIG - Other,26
AVANTEC,HST-3000 SIMs,4
AVANTEC,HST-3000C-CE,1
AVANTEC,TB/MTS-2000 Platform,7
AVIAT NETWORKS,HST-3000C,4
AVIAT NETWORKS,HST-3000C-CE,2
AWARD SOLUTIONS,T-Berd/MTS-5800,12
AWC SALES,SDA,2
AXISPOINT INC,RANAdvisor Product,6
AXISPOINT INC,RANAdvisor Services & Support,3
BACKLUND INVESTMENT,Repair,3
BAE SYSTEMS,Accessories,1
BAE SYSTEMS,Calibrations,9
BAE SYSTEMS,CleanBlast,8
BAE SYSTEMS,Repair,5
BAE SYSTEMS,TB/MTS-6000 Platform,10
BALUM,Spare Parts,1
BALUM,TrueSpeed,6
BARBIZON,Ethernet Network Management Tools,1
BARBIZON,Repair,3
BARLOW COMMUNICATIONS,NI - Maintenance,2
BAYRING COMMUNICATIONS,Probe Tips,2
BEIJING ORIENTAL JICHENG,Accessories,1
BEIJING ORIENTAL JICHENG,Certifier,8
BELL CANADA,Passive Chassis,1
BELL CANADA,Repair,3
BELL CANADA,Test Devices,14
BELL CANADA,WR 10G Trans/Regen,4
BENCHMARK ELECTRONICS,Common Product,8
BENCHMARK ELECTRONICS,Digital Inspection & Test,2
BENCHMARK ELECTRONICS,DSAM,3
BENCHMARK ELECTRONICS,FST-2310,1
BENCHMARK ELECTRONICS,HST-3000 SIMs,2
BENCHMARK ELECTRONICS,HST-3000C,1
BENCHMARK ELECTRONICS,HST-3000C-CE,1
BENCHMARK ELECTRONICS,PT Hardware,1
BENCHMARK ELECTRONICS,RCATS Product,2
BENCHMARK ELECTRONICS,Repair,4
BENCHMARK ELECTRONICS,SmartClass Triple Play,5
BENCHMARK ELECTRONICS,TB-6000A Transport Module,5
BENCHMARK ELECTRONICS,TestPad 2000,1
BENCHMARK ELECTRONICS,XGIG - Ethernet 10G,3
BENCHMARK ELECTRONICS,XGIG - Other,122
BENCHMARK ELECTRONICS,XGIG 5k - SAS/SATA 12G,5
BESTEL USA,T-Berd/MTS-5800,4
BHARTI AIRTEL,RANAdvisor Product,26
BHARTI AIRTEL,RANAdvisor Services & Support,10
BLACK BOX CORPORATION OF PENN,nTAPs,6
BLUESTREAM,Accessories,4
BLUESTREAM,Digital Inspection & Test,4
BLUESTREAM,Test Devices,4
BOEING,Accessories,2
BOEING,Analog Inspection & Test,2
BOEING,CleanBlast,10
BOEING,Probe Tips,40
BOEING,Repair,12
BOEING,Test Devices,2
BOICE.NET,GigaStor,3
BOICE.NET,NI - Maintenance,2
BONNEVILLE POWER ADMINISTRATION,Common Product,11
BONNEVILLE POWER ADMINISTRATION,TB-6000A Transport Module,11
BORDER STATES INDUSTRIES,HST-3000 SIMs,3
BORDER STATES INDUSTRIES,HST-3000C,12
BRAZOS TELEPHONE,Calibrations,4
BRAZOS TELEPHONE,Repair,4
BRESNAN COMMUNICATIONS,Repair,35
BRIGHT HOUSE NETWORKS,Calibrations,3
BRIGHT HOUSE NETWORKS,DSAM,38
BRIGHT HOUSE NETWORKS,HCU1500,16
BRIGHT HOUSE NETWORKS,HST-3000C,42
BRIGHT HOUSE NETWORKS,Repair,12
BRIGHT HOUSE NETWORKS,StrataSync,16
BROADBAND COMMUNICATION NETWORKS,Accessories,14
BROADBAND COMMUNICATION NETWORKS,Test Devices,11
BROADBAND INTEGRATION GROUP,MS-1400,1
BROADBAND PATH SOLUTIONS,SDA-5000,4
BROCADE,Repair,2
BROCADE,XGIG - FC 16G,1
BROCK SOLUTIONS,Repair,3
BROKEN ARROW COMMUNICATIONS,OTDR - FiberComplete modules,4
BRUCKNER SUPPLY,Hydra,1
BT GROUP,Digital Inspection & Test,1
BT GROUP,OTDR - FiberComplete modules,8
BT GROUP,TB-6000A Transport Module,8
BT GROUP,T-Berd/MTS-5800,29
BUCKEYE CABLE VISION,ONX-580,1
BUCKEYE CABLE VISION,Probe Tips,2
BUCKEYE CABLE VISION,VSE-1100,1
BUFETE TECNOLOGICO ABRAJAN RODRIGUEZ,Probe Tips,2
C MARK,HST-3000C-CE,2
CABLE & WIRELESS,Digital Inspection & Test,3
CABLE & WIRELESS,ONX-580,3
CABLE & WIRELESS,TB-6000A Transport Module,3
CABLE & WIRELESS,T-Berd/MTS-5800,10
CABLE MAN,DSAM,6
CABLE MAN,HCU1500,2
CABLE MAN,StrataSync,2
CABLE ONDA,DSAM,27
CABLE ONDA,HCU1500,11
CABLE ONDA,PathTrak,14
CABLE ONDA,StrataSync,8
CABLE ONDA,Test Devices,2
CABLE ONE,DSAM,120
CABLE ONE,HCU1500,110
CABLE ONE,ONX-580,2
CABLE ONE,PathTrak,180
CABLE ONE,Probe Tips,2
CABLE ONE,Repair,18
CABLE ONE,RPM-3000,32
CABLE ONE,StrataSync,6
CABLE SERVICES,Repair,2
CABLE TECH,DSAM,2
CABLE TEL SERVICES,SDA-5000,4
CABLE WIRING SPECIALISTS,DSAM,2
CABLE WIRING SPECIALISTS,Repair,3
CABLECOM,PathTrak,3
CABLEMAS,Accessories,4
CABLEMAS,DSAM,1
CABLEMAS,ONX-580,5
CABLEMAS,PathTrak,1
CABLEMAS,Probe Tips,4
CABLEMAS,RPM-3000,1
CABLEMAS,StrataSync,4
CABLEMAS,TB-6000A Transport Module,18
CABLEMAS,T-Berd/MTS-5800,16
CABLEMAS,Test Devices,5
CABLENETWORK ASSOCIATES,SDA-5500,1
CABLEVISION,DSAM,5
CABLEVISION,RANAdvisor Product,6
CACI,T-Berd/MTS-5800,30
CADEING,SmartClass Ethernet,3
CALIENT NETWORKS,Repair,15
CAN-EZ CONSTRUCTION,DSAM,4
CAN-EZ CONSTRUCTION,HCU1500,2
CAN-EZ CONSTRUCTION,StrataSync,2
CAPITAL COMMUNICATIONS SERVICES,Digital Inspection & Test,6
CARLISLE INTERCONNECT,Test Devices,2
CAT,SmartClass Ethernet,3
C-DOT,Support Plans,3
CELLCOM,RANAdvisor Product,3
CENTERLINE SOLUTIONS,RANAdvisor Product,2
CENTERLINE SOLUTIONS,RANAdvisor Services & Support,1
CENTRACOM,DSAM,2
CENTRAL POWER & TELECOM,Accessories,8
CENTRAL POWER & TELECOM,Digital Inspection & Test,2
CENTRO DE TECNOLOGIA DA INFORMACAO,Digital Inspection & Test,2
CENTRO DE TECNOLOGIA DA INFORMACAO,HST-3000 SIMs,12
CENTRO DE TECNOLOGIA DA INFORMACAO,HST-3000C,12
CENTRO DE TECNOLOGIA DA INFORMACAO,HST-3000C-CE,12
CENTRO DE TECNOLOGIA DA INFORMACAO,TB-6000A Transport Module,8
CENTRO DE TECNOLOGIA DA INFORMACAO,T-BERD 8000,2
CENTRO DE TECNOLOGIA DA INFORMACAO,T-Berd/MTS-5800,10
CENTURYLINK,Accessories,1
CENTURYLINK,Digital Inspection & Test,1
CENTURYLINK,DSAM,6
CENTURYLINK,FST-2000,7
CENTURYLINK,HST-3000 SIMs,45
CENTURYLINK,HST-3000C,17
CENTURYLINK,HST-3000C-CE,109
CENTURYLINK,Probe Tips,8
CENTURYLINK,Repair,3
CENTURYLINK,SMARTClass Fiber,1
CENTURYLINK,SmartClass Triple Play,4
CENTURYLINK,T3AS,3
CENTURYLINK,TB-6000A Transport Module,1
CENTURYLINK,T-Berd/MTS-5800,3
CENTURYLINK,Test Devices,31
CENTURYLINK,Ultra FED,24
CENTURYLINK/QWEST,Accessories,3
CENTURYLINK/QWEST,Certifier,4
CENTURYLINK/QWEST,DSAM,13
CENTURYLINK/QWEST,FST-2000,19
CENTURYLINK/QWEST,FST-2310-DS3,4
CENTURYLINK/QWEST,HST-3000 SIMs,47
CENTURYLINK/QWEST,HST-3000C,125
CENTURYLINK/QWEST,HST-3000C-CE,178
CENTURYLINK/QWEST,Probe Tips,18
CENTURYLINK/QWEST,Repair,6
CENTURYLINK/QWEST,SMARTClass Fiber,4
CENTURYLINK/QWEST,TB/MTS 8000 Platform,1
CENTURYLINK/QWEST,T-BERD 8000,4
CENTURYLINK/QWEST,T-Berd/MTS-5800,4
CENTURYLINK/QWEST,Test Devices,125
CENTURYLINK/QWEST,Ultra FED,64
CHARITON VALLEY TELEPHONE,RANAdvisor Product,2
CHARITON VALLEY TELEPHONE,RANAdvisor Services & Support,1
CHARTER COMMUNICATIONS,Common Product,2
CHARTER COMMUNICATIONS,DSAM,58
CHARTER COMMUNICATIONS,HCU1500,31
CHARTER COMMUNICATIONS,HST-3000C-CE,2
CHARTER COMMUNICATIONS,Repair,92
CHARTER COMMUNICATIONS,SDA,2
CHARTER COMMUNICATIONS,StrataSync,41
CHICAGO COMMUNICATIONS,RANAdvisor Product,6
CHICAGO COMMUNICATIONS,RANAdvisor Services & Support,3
CHINA MOBILE,PT Hardware,2
CHINA MOBILE,PT SART,9
CHINA MOBILE,Support Plans,4
CHINA NETWORK SYSTEMS,DSAM,15
CHINA NETWORK SYSTEMS,HCU1500,11
CHINA NETWORK SYSTEMS,PathTrak,17
CHINA NETWORK SYSTEMS,StrataSync,2
CHINA RAILWAY,HST-3000C,3
CHINA RAILWAY,Probe Tips,22
CHINA RAILWAY,SmartClass E1,40
CHINA RAILWAY,Support Plans,12
CHINA RAILWAY,T-Berd/MTS-5800,55
CHINA RAILWAY,Test Devices,8
CHINA TELECOM,Analog Inspection & Test,2
CHINA TELECOM,HST-3000C,13
CHINA TELECOM,HST-3000C-CE,13
CHINA TELECOM,T-Berd/MTS-5800,12
CHINA UNICOM,Location Intelligence Product,4
CHINA UNICOM,PT Hardware,4
CHINA UNICOM,PT SART,30
CHINA UNICOM,PT SART Support,4
CHINA UNICOM,TB-6000A Transport Module,3
CHINA UNICOM,T-Berd/MTS-5800,13
CHUNGHWA TELECOM,ONX-580,2
CHUNGHWA TELECOM,T-Berd/MTS-5800,10
CIENA,Digital Inspection & Test,8
CIENA,"MAP-200 Chassis, Accessories & Software",4
CIENA,ONT-Jitter,3
CIENA,Repair,7
CIMARRON TELEPHONE,Repair,3
CINCINNATI BELL,ACE,8
CINCINNATI BELL,DSAM,8
CINCINNATI BELL,HST-3000 SIMs,18
CINCINNATI BELL,HST-3000C,36
CINCINNATI BELL,HST-3000C-CE,64
CINCINNATI BELL,Repair,4
CINCINNATI BELL,Ultra FED,47
CISCO,DSAM,2
CISCO,HCU1500,2
CISCO,Repair,2
CISCO,StrataSync,2
CISCO,XGIG - FC 16G,14
CISCO,XGIG 5k - SAS/SATA 12G,6
CITI CONNECT,ACE,1
CITIZENS TELEPHONE,DSAM,6
CITIZENS TELEPHONE,HCU1500,6
CITIZENS TELEPHONE,PathTrak,6
CITY OF TACOMA,PathTrak,7
CITY UTILITIES OF SPRINGFIELD MO,TB/MTS-6000 Platform,1
CL MORGAN,Accessories,8
CL MORGAN,Digital Inspection & Test,2
CLAIR GLOBAL SERVICE,Probe Tips,1
CLARO,DSAM,7
CLARO,HCU1500,8
CLARO,Location Intelligence Services,3
CLARO,PathTrak,16
CLARO,Test Devices,12
CLIMAX TELEPHONE,TB-6000A Transport Module,3
CLOVER CABLE,DSAM,4
CLOVER CABLE,HCU1500,2
CLOVER CABLE,StrataSync,2
CODALE ELECTRIC SUPPLY,HST-3000 SIMs,3
CODALE ELECTRIC SUPPLY,HST-3000C,12
CODALE ELECTRIC SUPPLY,Ultra FED,3
COGECO CABLE CANADA,PathTrak,6
COLORADO BROADBAND,DSAM,4
COLORCHIP (ISRAEL) LTD.,Probe Tips,1
COLUMBUS NETWORKS,TB-6000A Transport Module,4
COMCAST,Accessories,36
COMCAST,Analog Inspection & Test,1
COMCAST,Benchtop Inspection,3
COMCAST,Calibrations,3
COMCAST,Digital Inspection & Test,6
COMCAST,DSAM,345
COMCAST,DSAM Upgrades,3
COMCAST,HCU1500,251
COMCAST,HST-3000 SIMs,1
COMCAST,HST-3000C,10
COMCAST,ONX-580,11
COMCAST,PacketPortal SW & Solutions,2
COMCAST,PathTrak,234
COMCAST,Probe Tips,45
COMCAST,Repair,233
COMCAST,Replacement Parts,7
COMCAST,RPM2000,7
COMCAST,RPM-3000,8
COMCAST,RSAM,8
COMCAST,SDA,4
COMCAST,SDA-5000,4
COMCAST,StrataSync,53
COMCAST,Support Plans,7
COMCAST,T-BERD 8000,5
COMCAST,T-Berd/MTS-5800,70
COMCAST,Test Devices,13
COMCAST,Test Productivity Pack,6
COMCAST,VSE-1100,11
COMCAST,WR Amplification,19
COMIT,TB/MTS-2000 Platform,6
COMMERCIAL ELECTRONICS,DSAM,1
COMMERCIAL ELECTRONICS,Repair,3
COMMERCIAL ELECTRONICS,SDA-5000,4
COMMNET WIRELESS,CT-650SM,3
COMMNET WIRELESS,RANAdvisor Product,4
COMMNET WIRELESS,Repair,9
COMMSCOPE,Accessories,20
COMMSCOPE,SmartPocket Handhelds,5
COMMSCOPE,Test Devices,5
COMMUNICATION SERVICES,OTDR - FiberComplete modules,4
COMMUNICATIONS CONSTRUCTION,Accessories,6
COMMUNICATIONS CONSTRUCTION,Probe Tips,2
COMMUNICATIONS CONSTRUCTION,Repair,10
COMMUNICATIONS CONSTRUCTION,TB/MTS 8000 Platform,1
COMMUNICATIONS CONSTRUCTION,Test Devices,2
COMPORIUM,DSAM,3
COMPORIUM,HCU1500,3
COMPORIUM,PathTrak,6
COMSONICS,DSAM,6
COMSOUTH,SDA-5000,4
COMSTAR COMMUNICATIONS,Accessories,9
COMSTAR COMMUNICATIONS,Analog Inspection & Test,10
COMSTAR COMMUNICATIONS,Benchtop Inspection,1
COMSTAR COMMUNICATIONS,CleanBlast,14
COMSTAR COMMUNICATIONS,Digital Inspection & Test,7
COMSTAR COMMUNICATIONS,Probe Tips,3
COMTEC (MEX),DSAM,12
COMTEC (MEX),MTS-5100e,3
COMTEC (MEX),SDA-5000,3
CONCILIUM TECHNOLOGIES,Test Devices,4
CONNECT TECH WEST,NI - Maintenance,1
CONNECT TECH WEST,nTAPs,3
CONSOLIDATED COMMUNICATIONS,Common Product,2
CONSOLIDATED COMMUNICATIONS,TB-6000A Transport Module,4
CONSOLIDATED COMMUNICATIONS,T-Berd/MTS-5800,10
CONSOLIDATED COMMUNICATIONS,Test Devices,5
CONSOLIDATED TELECOM,SMARTClass Fiber,4
CONTERRA BROADBAND SERVICES,Digital Inspection & Test,2
CONTERRA BROADBAND SERVICES,TB-6000A Transport Module,4
CONTERRA BROADBAND SERVICES,T-Berd/MTS-5800,8
COOK COMPANY,DSAM,3
COOK COMPANY,HCU1500,3
COOK COMPANY,SDA-5000,4
CORE COMMUNICATIONS,HST-3000C,2
CORNING,Accessories,3
CORNING,Probe Tips,14
CORNING,RANAdvisor Product,25
CORNING,RANAdvisor Services & Support,5
CORNING,Test Devices,3
COTENER,DSAM,9
COTENER,HCU1500,5
COTENER,StrataSync,8
COTENER,Support Plans,3
COUNTY OF SAN BERNARDINO,FST-2000,3
COUNTY OF SAN BERNARDINO,FST-2310-OC3,4
COUNTY OF SAN BERNARDINO,TB-6000A Transport Module,6
COUNTY OF SAN BERNARDINO,T-BERD 8000,2
COUNTY OF SAN BERNARDINO,T-Berd/MTS-5800,12
COX ENTERPRISES,Accessories,12
COX ENTERPRISES,DSAM,38
COX ENTERPRISES,HCU1500,32
COX ENTERPRISES,HST-3000 SIMs,1
COX ENTERPRISES,PathTrak,45
COX ENTERPRISES,Probe Tips,10
COX ENTERPRISES,Repair,58
COX ENTERPRISES,RPM-3000,2
COX ENTERPRISES,SMARTClass Fiber,3
COX ENTERPRISES,Test Devices,6
CROWN CASTLE,RANAdvisor Product,4
CROWN CASTLE,Repair,5
CSC,Accessories,1
CSC,Analog Inspection & Test,4
CSC,Calibration Plan,1
CSC,Digital Inspection & Test,4
CSC,FST-2000,2
CSC,TB-6000A Transport Module,6
CSC,T-BERD 8000,2
CSC,T-Berd/MTS-5800,10
CSC,Test Devices,4
CSC HOLDINGS,NetAnalyst Test Management Software,3
CSC HOLDINGS,ONX-580,8
CSC HOLDINGS,VSE-1100,9
CSIRO,Benchtop Inspection,9
CSIRO,Digital Inspection & Test,2
CTDI,Digital Inspection & Test,2
CTDI,MTS-5100e,5
CTDI,Probe Tips,4
CTDI,Repair,5
CTDI,Test Devices,6
DASNET,Calibrations,2
DATA ACCESS,Repair,4
DECISIVE COMMUNICATIONS,DSAM,3
DECISIVE COMMUNICATIONS,HCU1500,3
DEFENSE INFORMATION SYSTEMS AGENCY(DISA),TrueSpeed,16
DEFENSE LOGISTICS AGENCY,Accessories,1
DEFENSE LOGISTICS AGENCY,OTDR - FiberComplete modules,2
DEFENSE LOGISTICS AGENCY,Support Plans,4
DEFENSE LOGISTICS AGENCY,TB/MTS 8000 Platform,1
DEFENSE LOGISTICS AGENCY,TB-6000A Transport Module,3
DEFENSE LOGISTICS AGENCY,T-Berd/MTS-5800,3
DEPARTMENT OF DEFENSE,TB-6000A Transport Module,8
DEPARTMENT OF DEFENSE,T-BERD 8000,4
DEPARTMENT OF DEFENSE,T-Berd/MTS-5800,16
DEPARTMENT OF ENERGY,Metro Discontinued,3
DEPARTMENT OF NATIONAL DEFENCE,TB-6000A Transport Module,3
DEPARTMENT OF THE AIR FORCE,Polatis Cross Connects,1
DEPARTMENT OF THE AIR FORCE,Repair,1
DEPARTMENT OF THE AIR FORCE,Support Plans,1
DEPARTMENT OF THE AIR FORCE,TB-6000A Transport Module,36
DEPARTMENT OF THE AIR FORCE,T-Berd/MTS-5800,6
DEPARTMENT OF THE ARMY,Calibrations,4
DEPARTMENT OF THE ARMY,Common Product,12
DEPARTMENT OF THE ARMY,Education,1
DEPARTMENT OF THE ARMY,FST-2000,14
DEPARTMENT OF THE ARMY,FST-2207/2209 DS1,4
DEPARTMENT OF THE ARMY,FST-2310-OC12,4
DEPARTMENT OF THE ARMY,HST-3000C-CE,8
DEPARTMENT OF THE ARMY,MTS-5100e,24
DEPARTMENT OF THE ARMY,OTDR - FiberComplete modules,4
DEPARTMENT OF THE ARMY,Repair,10
DEPARTMENT OF THE ARMY,SMART Handhelds,6
DEPARTMENT OF THE ARMY,Support Plans,23
DEPARTMENT OF THE ARMY,TB-6000A Transport Module,25
DEPARTMENT OF THE ARMY,T-Berd/MTS-5800,16
DEPARTMENT OF THE NAVY,Accessories,40
DEPARTMENT OF THE NAVY,CleanBlast,12
DEPARTMENT OF THE NAVY,Common Product,12
DEPARTMENT OF THE NAVY,FIT Generic,5
DEPARTMENT OF THE NAVY,Probe Tips,14
DEPARTMENT OF THE NAVY,SmartPocket Handhelds,5
DEPARTMENT OF THE NAVY,TB/MTS 4000 Platform,22
DEPARTMENT OF THE NAVY,TB-6000A Transport Module,176
DEPARTMENT OF THE NAVY,T-Berd/MTS-5800,16
DEPARTMENT OF THE NAVY,Test Devices,6
DES,Repair,3
DEUTSCHE TELEKOM,HST-3000C-CE,2
DIGICEL,DSAM,8
DIGICEL,HCU1500,2
DIGICEL,StrataSync,2
DIGITAL REPAIR,HST-3000C-CE,4
DIGITAL SIGNAL,Repair,4
DIGITEC,ONX-580,18
DIGITEC,T-Berd/MTS-5800,81
DKK CIVIL,Accessories,8
DON MARTIN,HST-3000C,2
DRS TECHNOLOGIES,CleanBlast,2
DRS TECHNOLOGIES,Probe Tips,4
EARTHLINK BUSINESS,FST-2310,5
EARTHLINK BUSINESS,Repair,3
EATEL,Support Plans,2
EDISON MATERIAL SUPPLY,FST-2000,1
EDISON MATERIAL SUPPLY,Repair,2
EDMO DISTRIBUTORS INC,Accessories,5
EDMO DISTRIBUTORS INC,Analog Inspection & Test,4
EDMO DISTRIBUTORS INC,CleanBlast,4
EDMO DISTRIBUTORS INC,Probe Tips,22
EGYPRO,TB-6000A Transport Module,1
EGYPRO,T-Berd/MTS-5800,1
ELECTRO RENT,Accessories,4
ELECTRO RENT,ACE,6
ELECTRO RENT,ANT-5,2
ELECTRO RENT,Calibrations,5
ELECTRO RENT,Digital Inspection & Test,10
ELECTRO RENT,Probe Tips,1
ELECTRO RENT,Repair,8
ELECTRO RENT,TB-6000A Transport Module,22
ELECTRO RENT,T-BERD 8000,8
ELECTRO RENT,T-Berd/MTS-5800,64
ELECTRO RENT,Test Devices,4
ELLIJAY TELEPHONE,Repair,3
ELLIPSIZ COMMUNICATIONS TAIWAN,Converged Assurance Support,4
ELTA,Digital Inspection & Test,2
EMAR AL JANOUB FOR CONTRACTING,HST-3000 SIMs,5
EMAR AL JANOUB FOR CONTRACTING,HST-3000C,21
EMAR AL JANOUB FOR CONTRACTING,HST-3000C-CE,1
EMAR AL JANOUB FOR CONTRACTING,Ultra FED,6
EMC,Repair,18
EMC,XGIG - Other,7
EMPOWERED ENTERPRISES,SmartClass E1,12
ENERTECH ENGINEERING,HST-3000 SIMs,13
ENERTECH ENGINEERING,HST-3000C,26
ENERTECH ENGINEERING,HST-3000C-CE,12
ENERTECH ENGINEERING,Support Plans,13
ENERTECH ENGINEERING,T-Berd/MTS-5800,13
ENTEL,Location Intelligence Services,1
EQUINIX,Digital Inspection & Test,1
EQUINIX,HST-3000C,12
EQUINIX,HST-3000C-CE,6
EQUINIX,ONX-580,5
EQUINIX,Probe Tips,5
EQUINIX,Support Plans,6
EQUINIX,TB-6000A Transport Module,15
EQUINIX,T-BERD 8000,5
EQUINIX,T-Berd/MTS-5800,27
EQUINIX,Test Devices,4
ERICSSON,HST-3000 SIMs,1
ERICSSON,SmartClass E1,12
ERICSSON,T-BERD 8000,6
ETHYX SOLUTIONS,SmartClass E1,16
EXSELL SALES ASSOCIATES,DSAM,4
EXSELL SALES ASSOCIATES,HCU1500,2
EXSELL SALES ASSOCIATES,StrataSync,2
EXTENET SYSTEMS,Digital Inspection & Test,2
EXTENET SYSTEMS,T-BERD 8000,2
EZCONN,CleanBlast,8
EZCONN,HST-3000C-CE,2
FABRINET,CleanBlast,3
FABRINET,Digital Inspection & Test,5
FARMERS TELEPHONE,Digital Inspection & Test,1
FARMERS TELEPHONE,SMARTClass Fiber,2
FAURE WILLOW COMMUNICATION,DSAM,3
FAURE WILLOW COMMUNICATION,HCU1500,3
FIBCOM INDIA,TB/MTS 8000 Platform,3
FIBER AND CABLE TECHNICAL,SDA-5000,20
FIBER INSTRUMENT SALES,Accessories,28
FIBER INSTRUMENT SALES,Benchtop Inspection,1
FIBER INSTRUMENT SALES,CleanBlast,1
FIBER INSTRUMENT SALES,Digital Inspection & Test,9
FIBER INSTRUMENT SALES,Probe Tips,13
FIBER INSTRUMENT SALES,Test Devices,16
FIBER LAB,Accessories,6
FIBER LAB,Digital Inspection & Test,2
FIBER NODE SERVICES,SDA,2
FIBER OPTIC CENTER,Accessories,23
FIBER OPTIC CENTER,Benchtop Inspection,12
FIBER OPTIC CENTER,CleanBlast,2
FIBER OPTIC CENTER,Digital Inspection & Test,11
FIBER OPTIC CENTER,Probe Tips,6
FIBERHOME,T-Berd/MTS-5800,1
FIBERNEXT,Probe Tips,1
FIBERNEXT,Test Devices,3
FIBERTEL,DSAM,6
FIBERTEL,HCU1500,2
FIBERTEL,StrataSync,2
FIBREMEX,OTDR - FiberComplete modules,3
FIBREMEX,TB/MTS-2000 Platform,3
FICOA COMMUNICATIONS,SDA-5000,8
FIDELITY COMMUNICATIONS,DSAM,3
FIDELITY COMMUNICATIONS,DSAM-6300,1
FIDELITY COMMUNICATIONS,HCU1500,2
FIDELITY COMMUNICATIONS,StrataSync,2
FIRST COMMUNICATIONS,HST-3000C-CE,4
FISHEL,DSAM,9
FISHEL,HCU1500,3
FISHEL,StrataSync,3
FISHERS ISLAND UTILITY,Support Plans,2
FIVE WEST ENTERPRISES,SDA-5000,4
FLUKE,Accessories,2
FLUKE,Analog Inspection & Test,4
FLUKE,Test Devices,2
FONEX,Digital Inspection & Test,1
FOTRONIC,HST-3000 SIMs,3
FOTRONIC,HST-3000C,21
FOTRONIC,HST-3000C-CE,3
FOTRONIC,Probe Tips,1
FOTRONIC,Test Devices,14
FPL FIBERNET,Legacy Wireline Services,5
FRONTIER COMMUNICATIONS,Accessories,3
FRONTIER COMMUNICATIONS,Digital Inspection & Test,2
FRONTIER COMMUNICATIONS,EA Support,11
FRONTIER COMMUNICATIONS,HST-3000 SIMs,34
FRONTIER COMMUNICATIONS,HST-3000C,115
FRONTIER COMMUNICATIONS,HST-3000C-CE,34
FRONTIER COMMUNICATIONS,Probe Tips,10
FRONTIER COMMUNICATIONS,QT-600-10,60
FRONTIER COMMUNICATIONS,Repair,6
FRONTIER COMMUNICATIONS,SmartClass Triple Play,10
FRONTIER COMMUNICATIONS,T-Berd/MTS-5800,16
FRONTIER COMMUNICATIONS,Test Devices,9
FRONTIER COMMUNICATIONS,TrueSpeed,12
FRONTIER COMMUNICATIONS,Ultra FED,2
FUJITSU,Digital Inspection & Test,9
FUJITSU,OTDR - FiberComplete modules,1
FUJITSU,T-BERD 8000,3
GARDEN VALLEY TELEPHONE,Probe Tips,2
GCI,Calibrations,3
GCI,DSAM,1
GE DIGITAL ENERGY,Repair,4
GENERAL COMMUNICATION,DSAM,3
GENERAL DYNAMICS,Attenuators & Backreflector Modules,15
GENERAL DYNAMICS,Calibrations,24
GENERAL DYNAMICS,CleanBlast,2
GENERAL DYNAMICS,MTS-5100e,5
GENERAL DYNAMICS,RANAdvisor Product,3
GENERAL DYNAMICS,RANAdvisor Services & Support,3
GENERAL DYNAMICS,Repair,52
GENERAL ELECTRIC,Accessories,15
GENERAL ELECTRIC,Digital Inspection & Test,5
GENERAL ELECTRIC,Probe Tips,5
GENERAL ELECTRIC,Test Devices,5
GLENAIR,Analog Inspection & Test,2
GLENAIR,Benchtop Inspection,2
GLENAIR,Probe Tips,2
GLOBALNET,SmartClass E1,8
GOOCH & HOUSEGO,Repair,3
GOOCH & HOUSEGO,Swept Wavelength Systems,4
GOOGLE,Accessories,7
GOOGLE,Benchtop Inspection,3
GOOGLE,Probe Tips,3
GOOGLE,Support Plans,13
GOOGLE,Test Devices,3
GOOGLE,WR Common,5
GOVERNMENT OF CANADA,Calibrations,3
GOVERNMENT OF THE REPUBLIC OF ARMENIA,Support Plans,1
GRAYBAR,Accessories,25
GRAYBAR,Analog Inspection & Test,1
GRAYBAR,Certifier,9
GRAYBAR,Digital Inspection & Test,14
GRAYBAR,DSAM,31
GRAYBAR,DSAM-6300,5
GRAYBAR,HCU1500,13
GRAYBAR,HST-3000 SIMs,16
GRAYBAR,HST-3000C,72
GRAYBAR,HST-3000C-CE,12
GRAYBAR,ONX-580,19
GRAYBAR,Probe Tips,11
GRAYBAR,SDA-5000,4
GRAYBAR,StrataSync,9
GRAYBAR,Support Plans,12
GRAYBAR,TB-6000A Transport Module,9
GRAYBAR,T-Berd/MTS-5800,44
GRAYBAR,Test Devices,21
GRAYBAR,Ultra FED,17
GRAYBAR,VSE-1100,4
GREAT PLAINS COMMUNICATIONS,Repair,4
GRESCO,Digital Inspection & Test,2
GRIDLEY CABLE,DSAM,1
GRIDLEY CABLE,SDA-5000,1
GRUPO UNION,DSAM,4
GRUPO UNION,Support Plans,4
GSTEK,FST-2802 G,2
GTL,RANAdvisor Services & Support,2
GUAM CABLEVISION,Calibrations,3
GUAM CABLEVISION,DSAM,1
GUIDEPOINT SECURITY,nTAPs,1
GUODIAN NANJING AUTOMATION,SmartClass E1,8
GUODIAN NANJING AUTOMATION,TB-6000A Transport Module,3
GUODIAN NANJING AUTOMATION,T-Berd/MTS-5800,3
HAGEMEYER NORTH AMERICA,Accessories,2
HAGEMEYER NORTH AMERICA,Digital Inspection & Test,1
HAGEMEYER NORTH AMERICA,Probe Tips,3
HAGEMEYER NORTH AMERICA,Test Devices,1
HARGRAY COMMUNICATIONS GROUP,Other - Cable,3
HARGRAY COMMUNICATIONS GROUP,PathTrak,5
HARRIS,CleanBlast,9
HARRIS,Digital Inspection & Test,1
HARRIS,HST-3000C-CE,5
HENRY DIBISKAWSKI,SDA-5000,2
HEWLETT-PACKARD,Repair,6
HITACHI,Repair,2
HONEYWELL,FST-2000,5
HUAWEI,Accessories,17
HUAWEI,SMART Handhelds,6
HUAWEI,SmartClass E1,32
HUAWEI,Support Plans,4
HUAWEI,TB-6000A Transport Module,15
HUAWEI,T-Berd/MTS-5800,19
HUDSON FIBER NETWORKS,ACE,2
HYDRO ONE,Digital Inspection & Test,4
HYDRO ONE,HST-3000 SIMs,1
HYDRO ONE,HST-3000C,28
ICC WIRELESS,RANAdvisor Services & Support,1
II-VI,HST-3000C,3
II-VI,HST-3000C-CE,3
INDUSTRIAL DISTRIBUTION GROUP,Benchtop Inspection,1
INFINERA,Accessories,2
INFINERA,Benchtop Inspection,2
INFINERA,Probe Tips,2
INFINERA,Repair,7
INNOLIGHT TECHNOLOGY,Probe Tips,4
INNOVATED FACILITY SOLUTIONS,Probe Tips,8
INNOVATUS TECHNOLOGY CONSULTIN,nTAPs,1
INOVA SYSTEMS,Test Devices,2
INSIGHT,nTAPs,11
INTEGRA TELECOM,CT-650,1
INTEGRA TELECOM,HST-3000C-CE,10
INTEGRA TELECOM,Repair,1
INTEGRATION TECHNOLOGY,Digital Inspection & Test,1
INTEGRITY COMMUNICATIONS,DSAM,4
INTEGRITY COMMUNICATIONS,Repair,4
INTEL,XGIG - PCle,2
INTER COMMERCIAL BUSINESS SYSTEMS,HST-3000C-CE,5
INTER COMMERCIAL BUSINESS SYSTEMS,Repair,4
INTERBEL TELEPHONE,Accessories,3
INTERTEK,Calibrations,1
INTERTEL NIGERIA,TB-6000A Transport Module,15
INTERTEL NIGERIA,T-Berd/MTS-5800,5
IPG PHOTONICS,T-Berd/MTS-5800,10
ITG COMMUNICATIONS,Repair,36
ITT,FST-2000,12
IUSACELL,Location Intelligence Services,1
J&P POWER SOLUTIONS,Accessories,8
J&P POWER SOLUTIONS,Digital Inspection & Test,2
JASON OSULLIVAN,Digital Inspection & Test,1
JAX IT,Ethernet Network Management Tools,1
JC COMPTON,SDA-5000,4
JD COMMUNICATIONS,Repair,2
JDSU,Accessories,3
JDSU,CleanBlast,29
JDSU,Digital Inspection & Test,2
JDSU,DTS,1
JDSU,Repair,4
JDSU,TB-6000A Transport Module,48
JDSU,T-Berd/MTS-5800,42
JDSU,Test Point,1
JDSU COMMTEST BRAZIL 495 (205),CA product,13
JDSU COMMTEST BRAZIL 495 (205),RCATS Product,2
JDSU COMMTEST BRAZIL 495 (205),TrueSpeed,24
JDSU COMMTEST CANADA 310 (207),ONX-580,4
JDSU COMMTEST CANADA 310 (207),Passive Plug-ins,3
JDSU COMMTEST CANADA 310 (207),Probe Tips,1
JDSU COMMTEST CANADA 310 (207),TB-6000A Transport Module,4
JDSU COMMTEST CANADA 310 (207),T-Berd/MTS-5800,22
JDSU COMMTEST FRANCE 552 (203),HST-3000C,1
JDSU COMMTEST FRANCE 552 (203),Probe Tips,18
JDSU COMMTEST GERMANY 596 (100),ACE,1
JDSU COMMTEST GERMANY 596 (100),SDA-5000,1
JDSU COMMTEST GERMANY 596 (100),TrueSpeed,16
JDSU COMMTEST HONG KONG 821 (215),Legacy Wireline Support,4
JDSU COMMTEST MEXICO 494 (220),ONX-580,4
JDSU COMMTEST MEXICO 494 (220),TB-6000A Transport Module,4
JDSU COMMTEST MEXICO 494 (220),T-Berd/MTS-5800,24
JDSU COMMTEST US 294,Accessories,7
JDSU COMMTEST US 294,GigaStor,1
JDSU COMMTEST US 294,JMEP,4
JDSU COMMTEST US 294,Matrix (NMS),2
JDSU COMMTEST US 294,NC Ethernet TT,6
JDSU COMMTEST US 294,nTAPs,3
JDSU COMMTEST US 294,ONX-580,17
JDSU COMMTEST US 294,PI Product,1
JDSU COMMTEST US 294,PT Hardware,12
JDSU COMMTEST US 294,QT-600-10,14
JDSU COMMTEST US 294,SmartID,7
JDSU COMMTEST US 294,SmartPocket Handhelds,7
JDSU COMMTEST US 294,TB-6000A Transport Module,4
JDSU COMMTEST US 294,T-Berd/MTS-5800,6
JDSU COMMTEST US 294,Test Devices,14
JF TECH,Benchtop Inspection,4
JF TECH,Repair,4
JGR OPTICS,Benchtop Inspection,6
JIM ALEXANDER,SDA-5000,4
JOHN HOPKINS UNIVERSITY,nTAPs,1
JONHON,Accessories,8
JONHON,Digital Inspection & Test,4
JT ORONZIO,OTDR - FiberComplete modules,4
JUNIPER NETWORKS,Accessories,2
JUNIPER NETWORKS,Benchtop Inspection,1
JUNIPER NETWORKS,Digital Inspection & Test,1
JUNIPER NETWORKS,Probe Tips,3
JUNIPER NETWORKS,Test Devices,1
JUSTEN CABLE CONSTRUCTION,DSAM,2
KAILWIN,Probe Tips,6
KAILWIN,Test Devices,5
KGP TELECOMMUNICATIONS,Accessories,20
KGP TELECOMMUNICATIONS,HST-3000C,100
KGP TELECOMMUNICATIONS,HST-3000C-CE,98
KGP TELECOMMUNICATIONS,ONX-580,141
KGP TELECOMMUNICATIONS,OTDR - FiberComplete modules,1
KGP TELECOMMUNICATIONS,Probe Tips,20
KGP TELECOMMUNICATIONS,SmartClass E1,29
KGP TELECOMMUNICATIONS,SmartClass HOME,21
KGP TELECOMMUNICATIONS,SmartClass Triple Play,4
KGP TELECOMMUNICATIONS,SmartID,4
KGP TELECOMMUNICATIONS,Support Plans,2
KGP TELECOMMUNICATIONS,T-Berd/MTS-5800,11
KGP TELECOMMUNICATIONS,Test Devices,9
KGP TELECOMMUNICATIONS,Ultra FED,9
KINNESIS SOLUTIONS,ACE,2
KITCO FIBER OPTICS,Accessories,8
KITCO FIBER OPTICS,Analog Inspection & Test,9
KITCO FIBER OPTICS,Direct View FM,11
KITCO FIBER OPTICS,Probe Tips,13
KLA TENCOR,Digital Inspection & Test,9
KLA TENCOR,Probe Tips,9
KMM TELECOMMUNICATIONS,FST-2000,17
KMM TELECOMMUNICATIONS,HST-3000C-CE,13
L-3 COMMUNICATIONS,Common Product,3
L-3 COMMUNICATIONS,TB-6000A Transport Module,3
LABINAL,Accessories,2
LANTROVISION,Accessories,6
LANTROVISION,Test Devices,3
LEASE CORPORATION OF AMERICA,DSAM,2
LEASE CORPORATION OF AMERICA,HCU1500,2
LEASE CORPORATION OF AMERICA,StrataSync,2
LEDCOR,ACE,4
LEDCOR,HST-3000C-CE,2
LEDCOR,OTDR - FiberComplete modules,4
LEDCOR,StrataSync,1
LEDCOR,TB/MTS 8000 Platform,1
LEDCOR,TB-6000A Transport Module,4
LENOVO,XGIG - PCle,1
LEVEL 3 COMMUNICATIONS,CT-650,2
LEVEL 3 COMMUNICATIONS,CT-650SM,3
LEVEL 3 COMMUNICATIONS,Legacy Wireline Services,1
LEVEL 3 COMMUNICATIONS,Repair,7
LEVITON,Repair,8
LEVITON,Test Devices,1
LIBERTY CABLEVISION,DSAM,6
LIBERTY CABLEVISION,HCU1500,6
LIBERTY CABLEVISION,PathTrak,37
LIBERTY CABLEVISION,RPM-3000,7
LIGHTMACHINERY,Swept Wavelength Systems,5
LIGHTOWER,Accessories,1
LIGHTOWER,Digital Inspection & Test,1
LIGHTOWER,ONX-580,1
LIGHTOWER,TB-6000A Transport Module,2
LIGHTOWER,T-BERD 8000,1
LIGHTOWER,T-Berd/MTS-5800,7
LOCKHEED MARTIN,Calibrations,2
LOCKHEED MARTIN,Common Product,9
LOCKHEED MARTIN,Repair,1
LOCKHEED MARTIN,TB-6000A Transport Module,18
LORRON TECHNOLOGIES,SDA-5000,5
LS NETWORKS,ACE,2
LUMOS NETWORKS,EA Support,6
LUMOS NETWORKS,QT-600-10,32
LUMOS NETWORKS,QT-600-2,1
LUNASAT,Accessories,3
LUNASAT,OTDR - FiberComplete modules,3
LUNASAT,T-Berd/MTS-5800,2
LUNASAT,Test Devices,3
M2CONNECTIONS,Repair,3
MADISON GROUP,DSAM,6
MADISON GROUP,HCU1500,2
MADISON GROUP,StrataSync,2
MAGNESS & SONS,OTDR - FiberComplete modules,5
MAHANAGAR TELEPHONE NIAGAM,RANAdvisor Product,11
MANAGEMENT COMMUNICATION,GigaStor,24
MARCUM TECHNOLOGY,nTAPs,3
MASSTRON,TB/MTS-2000 Platform,18
MASTEC,Digital Inspection & Test,2
MAXXSOUTH BROADBAND,DSAM,3
MAXXSOUTH BROADBAND,HCU1500,3
MCGRATH RENTCORP,Accessories,4
MCGRATH RENTCORP,Calibrations,33
MCGRATH RENTCORP,Digital Inspection & Test,3
MCGRATH RENTCORP,DSAM,4
MCGRATH RENTCORP,HST-3000C,6
MCGRATH RENTCORP,OSA,4
MCGRATH RENTCORP,OTDR - FiberComplete modules,29
MCGRATH RENTCORP,Probe Tips,1
MCGRATH RENTCORP,RANAdvisor Services & Support,3
MCGRATH RENTCORP,Repair,8
MCGRATH RENTCORP,SmartPocket Handhelds,4
MCGRATH RENTCORP,TB/MTS 8000 Platform,1
MCGRATH RENTCORP,TB-6000A Transport Module,31
MCGRATH RENTCORP,Test Devices,3
MCNC,Repair,1
MCNC,TB-6000A Transport Module,4
MCO SOLUTIONS,FST-2000,30
MEDIACOM COMMUNICATIONS,DSAM,11
MEDIACOM COMMUNICATIONS,Extended Warranty,1
MEDIACOM COMMUNICATIONS,HCU1500,7
MEDIACOM COMMUNICATIONS,Repair,3
MEDIACOM COMMUNICATIONS,SDA-5000,13
MEDIACOM COMMUNICATIONS,SDA-5500,1
MEDIACOM COMMUNICATIONS,StrataSync,2
MEDICAL INSTRUMENT DEVELOPMENT LABS,Benchtop Inspection,5
MEDWAVE OPTIQUE,Repair,3
MEJDAF TRADING GROUP,Accessories,17
MEJDAF TRADING GROUP,Analog Inspection & Test,1
MEJDAF TRADING GROUP,FIT Generic,3
MEJDAF TRADING GROUP,Probe Tips,20
MEJDAF TRADING GROUP,SMARTClass Fiber,2
MENARA NETWORKS,Repair,1
MERIDIAN COMMUNICATIONS & CONSTRUCTION,Digital Inspection & Test,1
METROCAST CABLEVISION,DSAM,15
METROCAST CABLEVISION,HCU1500,10
METROCAST CABLEVISION,Probe Tips,10
METROCAST CABLEVISION,SmartID,16
METROCAST CABLEVISION,StrataSync,5
METROPOLITAN WATER DISTRICT OF SOUTHERN,FST-2000,4
METROPOLITAN WATER DISTRICT OF SOUTHERN,Repair,4
MICROLEASE,Accessories,2
MICROLEASE,Calibrations,12
MICROLEASE,CapacityAdvisor Held,7
MICROLEASE,CellAdvisor,3
MICROLEASE,Digital Inspection & Test,4
MICROLEASE,HST-3000 SIMs,4
MICROLEASE,HST-3000C,4
MICROLEASE,HST-3000C-CE,44
MICROLEASE,JMEP,6
MICROLEASE,MAP Standalone Switches,4
MICROLEASE,nTAPs,1
MICROLEASE,OTDR - FiberComplete modules,12
MICROLEASE,PI Product,2
MICROLEASE,QT-600-10,2
MICROLEASE,Repair,25
MICROLEASE,SmartClass E1,2
MICROLEASE,SmartClass HOME,12
MICROLEASE,SmartClass Triple Play,2
MICROLEASE,TB/MTS-2000 Platform,3
MICROLEASE,TB-6000A Transport Module,30
MICROLEASE,T-BERD 8000,5
MICROLEASE,T-Berd/MTS-5800,8
MICROLEASE,Test Devices,2
MICROSOFT,Accessories,16
MICROSOFT,Benchtop Inspection,8
MICROSOFT,Certifier,20
MICROSOFT,Probe Tips,16
MICROSOFT,Test Devices,8
MID CENTRAL CONTRACTORS,SDA-5000,4
MIDCONTINENT COMMUNICATIONS,DSAM,7
MIDCONTINENT COMMUNICATIONS,DSAM Upgrades,7
MIDCONTINENT COMMUNICATIONS,HCU1500,2
MIDCONTINENT COMMUNICATIONS,Repair,7
MIDCONTINENT COMMUNICATIONS,StrataSync,2
MIDWEST UNDERGROUND TECHNOLOGY,OTDR - FiberComplete modules,4
MILL CITY TEC,Digital Inspection & Test,4
MILLENNIUM TECHNICAL SERVICES,Digital Inspection & Test,1
MOCHO TRADING,nTAPs,1
MOHAWK,HST-3000C-CE,9
MOHAWK,Repair,2
MOHAWK,TB-6000A Transport Module,1
MORGAN CALMA,Ethernet Network Management Tools,1
MORGAN CALMA,Repair,3
MOTOROLA SOLUTIONS,Support Plans,1
MP INSTRUMENT,DSAM,5
MP INSTRUMENT,HCU1500,3
MP INSTRUMENT,HST-3000C-CE,2
MP INSTRUMENT,SDA-5000,2
MP INSTRUMENT,Test Devices,4
MPB COMMUNICATIONS,Repair,6
MRL ENGINEERING,RANAdvisor Product,6
MRL ENGINEERING,RANAdvisor Services & Support,3
MTF COMMUNICATIONS,DSAM,5
MTF COMMUNICATIONS,HCU1500,5
MTF COMMUNICATIONS,StrataSync,5
MTN YEMEN,T-BERD 8000,6
MTN YEMEN,T-Berd/MTS-5800,15
MTX ELECTRONICS,Probe Tips,2
MULTINET,Support Plans,2
MULTIPATH COMMUNICATIONS GROUP,RANAdvisor Product,2
MULTIPATH COMMUNICATIONS GROUP,RANAdvisor Services & Support,1
NASA,Digital Inspection & Test,1
NASA,Probe Tips,1
NATIONAL CABLE TELEVISION,DSAM,67
NATIONAL CABLE TELEVISION,HCU1500,41
NATIONAL CABLE TELEVISION,RSAM,3
NATIONAL CABLE TELEVISION,SDA-5000,2
NATIONAL CABLE TELEVISION,StrataSync,14
NC IV,Accessories,6
NC IV,Analog Inspection & Test,8
NC IV,CleanBlast,3
NC IV,Digital Inspection & Test,3
NC IV,DSAM,8
NC IV,Probe Tips,13
NC IV,Test Devices,4
NCI,DSAM,3
NCI,HCU1500,3
NCS INDUSTRIES,DSAM,2
NCS INDUSTRIES,Repair,1
NEC,Accessories,1
NEC,Digital Inspection & Test,1
NEC,Probe Tips,8
NEMONT TELEPHONE,DSAM,3
NEMONT TELEPHONE,HCU1500,3
NEMONT TELEPHONE,HST-3000 SIMs,2
NEMONT TELEPHONE,HST-3000C,8
NEMONT TELEPHONE,Ultra FED,2
NEOCOM SOLUTIONS,OTDR - FiberComplete modules,5
NEOPHOTONICS,Digital Inspection & Test,2
NETAPP,Repair,2
NETSOLUTIONS,DSAM,4
NETSOLUTIONS,HCU1500,2
NETSOLUTIONS,SDA-5000,17
NETSOLUTIONS,SmartClass Ethernet,3
NETSOLUTIONS,StrataSync,2
NETWORK TECHNOLOGY PARTNERS,NI - Maintenance,3
NETWORK TECHNOLOGY PARTNERS,nTAPs,1
NETWORK TECHNOLOGY PARTNERS,Observer,3
NEXGEN WIRELESS,RANAdvisor Product,1
NEXIUS,Location Intelligence Support,1
NEXIUS,RANAdvisor Product,1
NEX-TECH,TrueSpeed,4
NEXTGIG SYSTEMS,GigaStor,2
NISKO TECHNOLOGIES,Repair,1
NISKO TECHNOLOGIES,XGIG - Other,1
NISTICA,Analog Inspection & Test,6
NISTICA,Benchtop Inspection,5
NISTICA,Probe Tips,3
NOKIA SOLUTIONS AND NETWORKS,Accessories,2
NOKIA SOLUTIONS AND NETWORKS,RANAdvisor Product,6
NOKIA SOLUTIONS AND NETWORKS,RANAdvisor Services & Support,3
NORTHEAST CABLE,RPM2000,1
NORTHLAND COMMUNICATIONS,DSAM,2
NORTHLAND COMMUNICATIONS,HCU1500,2
NORTHLAND COMMUNICATIONS,SDA-5500,1
NORTHLAND COMMUNICATIONS,StrataSync,2
NORTHROP GRUMMAN,Accessories,2
NORTHROP GRUMMAN,Common Product,5
NORTHROP GRUMMAN,Digital Inspection & Test,1
NORTHROP GRUMMAN,Support Plans,6
NORTHROP GRUMMAN,TB-6000A Transport Module,21
NSIGHT TELSERVICES,Legacy Wireline Services,1
NTT,Benchtop Inspection,4
NTT,Probe Tips,3
O C COMMUNICATIONS,DSAM,13
O C COMMUNICATIONS,Repair,108
OPENTEXT,GigaStor,2
OPERADORA CICSA,Benchtop Inspection,3
OPERADORA CICSA,HST-3000 SIMs,12
OPERADORA CICSA,HST-3000C,22
OPLINK COMMUNICATIONS,CleanBlast,7
OT TRANS,T-BERD 8000,3
PACNET,T-Berd/MTS-5800,8
PAKISTAN TELECOMMUNICATIONS,T-Berd/MTS-5800,16
PANDUIT,Repair,2
"PANHANDLE TELEPHONE COOPERATIVE, INC",RANAdvisor Product,4
"PANHANDLE TELEPHONE COOPERATIVE, INC",Support Plans,3
PCCW,FST-2000,6
PCCW,Legacy Wireline Support,2
PCCW,Repair,6
PCCW,T-BERD 8000,6
PCTEL,CellAdvisor,4
PCTEL,RANAdvisor Product,9
PCTEL,RANAdvisor Services & Support,4
PETROLEOS DE VENEZUELA,Digital Inspection & Test,5
PETROLEOS DE VENEZUELA,TB-6000A Transport Module,20
PETROLEOS DE VENEZUELA,T-BERD 8000,5
PETROLEOS DE VENEZUELA,T-Berd/MTS-5800,20
PEYTON CONSTRUCTION,SDA-5000,4
PHOENIX TRADING,Probe Tips,3
PIONEER COMMUNICATIONS,Test Productivity Pack,3
PLA INFORMATION ENGINEERING UNIVERSITY,T-Berd/MTS-5800,35
PLANT TELECOMMUNICATIONS,SDA-5500,1
POOLES CABLE SERVICES,DSAM,2
POOLES CABLE SERVICES,HCU1500,2
PORTLAND GENERAL ELECTRIC,FST-2310-OC3,4
POWER & TELEPHONE SUPPLY,Accessories,2
POWER & TELEPHONE SUPPLY,DSAM,1
POWER & TELEPHONE SUPPLY,HCU1500,1
POWER & TELEPHONE SUPPLY,HST-3000 SIMs,5
POWER & TELEPHONE SUPPLY,HST-3000C,19
POWER & TELEPHONE SUPPLY,HST-3000C-CE,2
POWER & TELEPHONE SUPPLY,Probe Tips,2
POWER & TELEPHONE SUPPLY,SMARTClass Fiber,1
POWER & TELEPHONE SUPPLY,SmartID,18
POWER & TELEPHONE SUPPLY,StrataSync,1
POWER & TELEPHONE SUPPLY,Support Plans,11
POWER & TELEPHONE SUPPLY,TB-6000A Transport Module,4
POWER & TELEPHONE SUPPLY,T-BERD 8000,4
POWER & TELEPHONE SUPPLY,T-Berd/MTS-5800,16
POWER & TELEPHONE SUPPLY,Test Devices,3
POWER & TELEPHONE SUPPLY,Ultra FED,2
POWERGRID CORPOARTION OF INDIA,SmartClass E1,8
PRAMIRA,RANAdvisor Product,4
PREWIRE SPECIALISTS,DSAM,12
PREWIRE SPECIALISTS,HCU1500,3
PREWIRE SPECIALISTS,StrataSync,3
PROCESS CELLULAR,Test Devices,3
PROJECTSPAN SERVICES,ACE,4
PROJECTSPAN SERVICES,HST-3000C,6
PROJECTSPAN SERVICES,HST-3000C-CE,6
PSI (JAPAN),Benchtop Inspection,8
PT SCG SOLUTIONS INDONESIA,DSAM,6
PT SCG SOLUTIONS INDONESIA,DSAM-6300,3
PT SCG SOLUTIONS INDONESIA,HCU1500,3
PT SCG SOLUTIONS INDONESIA,StrataSync,3
PUNCTUAL & VALUABLE SOLUTIONS S.A.DE C.V.,Accessories,8
PUNCTUAL & VALUABLE SOLUTIONS S.A.DE C.V.,Digital Inspection & Test,4
PUNCTUAL & VALUABLE SOLUTIONS S.A.DE C.V.,HST-3000 SIMs,1
PUNCTUAL & VALUABLE SOLUTIONS S.A.DE C.V.,HST-3000C,1
PUNCTUAL & VALUABLE SOLUTIONS S.A.DE C.V.,T-Berd/MTS-5800,10
PUNCTUAL & VALUABLE SOLUTIONS S.A.DE C.V.,Test Devices,4
PVP SALES,GigaStor,1
PVT,DSAM,4
PVT,HCU1500,4
QLOGIC,Repair,2
QLOGIC,XGIG - FC 16G,1
QLOGIC,XGIG - Other,1
QUADGEN WIRELESS SOLUTIONS,RANAdvisor Product,6
QUANTEX INDUSTRIES,HST-3000C-CE,6
QUEST COMMUNICATION,SDA-5000,5
Q-WIRE TECHONOLOGIES,DSAM,7
Q-WIRE TECHONOLOGIES,Education,2
RADIALL,Probe Tips,4
RADWIN,T-Berd/MTS-5800,3
RANGE TELEPHONE,HST-3000 SIMs,1
RAYTHEON,Common Product,2
RAYTHEON,Digital Inspection & Test,6
RAYTHEON,Repair,2
RAYTHEON,"Source, EDFA & BBS Modules",1
RAYTHEON,Support Plans,7
RAYTHEON,TB-6000A Transport Module,20
RAYTHEON,T-BERD 8000,6
RAYTHEON,T-Berd/MTS-5800,46
RAYTHEON,Test Devices,2
RAYTHEON,XGIG - Other,3
READY SC,Analog Inspection & Test,2
REALM,Accessories,6
REALM,Benchtop Inspection,7
REALM,CleanBlast,7
REALM,Digital Inspection & Test,4
REALM,Probe Tips,6
REALM,Repair,11
REALM,Test Devices,4
REDDY ELECTRIC,Calibrations,5
RELIABLE CABLE TV CONSTRUCTION,ACE,1
RELIANCE INDUSTRIES,Support Plans,5
RENOWN HEALTH,GigaStor,3
RENOWN HEALTH,NI - Maintenance,2
RENOWN HEALTH,NIMS,1
RENOWN HEALTH,Observer,1
RESERVATION TELEPHONE COOPERATIVE,T-Berd/MTS-5800,1
RESTOR TELECOM,Support Accessories,4
RICKLEE ENTERPRISES,DSAM,3
RINCON RESEARCH CORPORATION,Common Product,2
RINCON RESEARCH CORPORATION,Probe Tips,8
RINCON RESEARCH CORPORATION,TB-6000A Transport Module,2
ROCKWELL COLLINS,Common Product,3
ROCKWELL COLLINS,FST-2000,4
ROCKWELL COLLINS,Support Plans,4
ROCKWELL COLLINS,TB-6000A Transport Module,9
ROGERS COMMUNICATIONS,Analog Inspection & Test,4
ROGERS COMMUNICATIONS,Calibrations,9
ROGERS COMMUNICATIONS,Digital Inspection & Test,1
ROGERS COMMUNICATIONS,Ethernet Network Management Tools,9
ROGERS COMMUNICATIONS,FST-2000,7
ROGERS COMMUNICATIONS,FST-2310-OC3,7
ROGERS COMMUNICATIONS,RCATS Product,2
ROGERS COMMUNICATIONS,Repair,4
ROGERS COMMUNICATIONS,TB-6000A Transport Module,44
RONALD MORGAN,SDA-5000,8
SAGE TELECOMMUNICATIONS,MS-1200D,2
SAGE TELECOMMUNICATIONS,Repair,1
SALT RIVER PROJECT,T-Berd/MTS-5800,25
SAMSUNG,CapacityAdvisor Held,12
SAMSUNG,RANAdvisor Product,6
SAMSUNG,RANAdvisor Services & Support,3
SANDISK,Repair,2
SANMINA-SCI,CellAdvisor,2
SANMINA-SCI,T-BERD 8000,3
SANMINA-SCI,WR Common,2
SANMINA-SCI OPTICAL TECHNOLOGY (SHENZHEN),Insertion Loss and Return Loss,3
SANWA,Benchtop Inspection,3
SANWA,Probe Tips,3
SAP,GigaStor,3
SATELCOM,SDA-5500,1
SATHER CONSTRUCTION,Repair,3
SAUDI ELECTRICITY COMPANY,HST-3000C,4
SAUDI ELECTRICITY COMPANY,SmartClass E1,8
SAUDI TELECOM,HST-3000C,1
SAUDI TELECOM,T-Berd/MTS-5800,1
SAVITRI TELECOM SERVICES,Test Devices,5
SCHWARTZ ELECTRIC,Accessories,1
SCHWARTZ ELECTRIC,Probe Tips,1
SCOTT CONKLE,SDA-5000,4
SCP SYSTEMS,OTDR - FiberComplete modules,2
SCP SYSTEMS,TB/MTS-2000 Platform,6
SCP SYSTEMS,TB-6000A Transport Module,5
SCP SYSTEMS,T-BERD 8000,3
SEAGATE TECHNOLOGY,Repair,4
SEAGATE TECHNOLOGY,XGIG - Other,14
SECOR NETWORKS,GigaStor,2
SECOR NETWORKS,NI - Maintenance,2
SEDARA SECURITY,nTAPs,2
SEFNCO COMMUNICATIONS,DSAM,8
SEFNCO COMMUNICATIONS,HCU1500,4
SEFNCO COMMUNICATIONS,StrataSync,4
SEGTEL,HST-3000C,2
SEICOM,TB-6000A Transport Module,3
SEICOM,T-BERD 8000,1
SEICOM,T-Berd/MTS-5800,4
SERVICE ELECTRIC CABLE TELEVISION,DSAM Upgrades,5
SERVICE ELECTRIC CABLE TELEVISION,Repair,3
SERVICE TECH AV,Repair,3
SEVEN HILLS OPTICOMMUNICATION,T-Berd/MTS-5800,5
"SHAFFER, WILSON, SARVER & GRAY, P.C.",ONX-580,2
"SHAFFER, WILSON, SARVER & GRAY, P.C.",T-Berd/MTS-5800,12
"SHAFFER, WILSON, SARVER & GRAY, P.C.",Test Devices,2
SHAW COMMUNICATIONS,WR 2.5G Trans/Regen,7
SHAZTEC USA,SmartClass E1,4
SHI,Digital Inspection & Test,4
SHI,GigaStor,4
SHI,Misc Hardware,1
SHI,NI - Maintenance,2
SHI,ONX-580,4
SHI,ORS,1
SHI,Support Plans,4
SHI,T-Berd/MTS-5800,20
SIEMON,Repair,4
SIERRA TELEPHONE,HST-3000 SIMs,4
SIERRA TELEPHONE,HST-3000C-CE,1
SINGAPORE TECHNOLOGIES ENGINEERING,T-Berd/MTS-5800,18
SINGTEL,T-Berd/MTS-5800,6
SIRAH CONTRACTING,StrataSync,1
SKYVIEW,Digital Inspection & Test,1
SMART COMMUNICATIONS,RANAdvisor Product,10
SMARTRAK,T-Berd/MTS-5800,4
SMITHVILLE TELEPHONE,SmartClass HOME,5
SNR SYSTEMS,HST-3000C-CE,2
SOURCE PHOTONICS,CleanBlast,7
SOURCE PHOTONICS,Digital Inspection & Test,1
SOURCE PHOTONICS,Probe Tips,7
SOUTH CENTRAL RURAL TELEPHONE COMPANY,T-Berd/MTS-5800,6
SOUTHERN CALIFORNIA EDISON,FST-2000,4
SOUTHERN CALIFORNIA EDISON,Repair,4
SOUTHERN LIGHT FIBER,Digital Inspection & Test,4
SOUTHERN LIGHT FIBER,T-Berd/MTS-5800,4
SOUTHERNLINC WIRELESS,RANAdvisor Product,4
SPECIALIZED PRODUCTS,Accessories,9
SPECIALIZED PRODUCTS,Digital Inspection & Test,2
SPECIALIZED PRODUCTS,Probe Tips,8
SPECIALIZED PRODUCTS,Test Devices,4
SPIRIT AEROSYSTEMS,Digital Inspection & Test,2
SPLICECO,Repair,3
SPRINT NEXTEL,Digital Inspection & Test,4
SPRINT NEXTEL,ONX-580,3
SPRINT NEXTEL,TB-6000A Transport Module,8
SPRINT NEXTEL,T-Berd/MTS-5800,21
SPRINT NEXTEL,Test Devices,1
STARHUB,HCU1500,4
STARHUB,PathTrak,36
STARHUB,RPM-3000,7
STOCK EQUIPMENT,nTAPs,2
STOCKING CUSTOMER,Accessories,49
STOCKING CUSTOMER,Benchtop Inspection,2
STOCKING CUSTOMER,CleanBlast,4
STOCKING CUSTOMER,Digital Inspection & Test,14
STOCKING CUSTOMER,DSAM,40
STOCKING CUSTOMER,DSAM-6300,5
STOCKING CUSTOMER,HCU1500,47
STOCKING CUSTOMER,HST-3000 SIMs,6
STOCKING CUSTOMER,HST-3000C,26
STOCKING CUSTOMER,PathTrak,37
STOCKING CUSTOMER,Probe Tips,63
STOCKING CUSTOMER,RPM-3000,4
STOCKING CUSTOMER,RSAM,2
STOCKING CUSTOMER,SDA,4
STOCKING CUSTOMER,SmartClass E1,38
STOCKING CUSTOMER,SMARTClass Fiber,13
STOCKING CUSTOMER,SmartClass Triple Play,3
STOCKING CUSTOMER,StrataSync,19
STOCKING CUSTOMER,TB-6000A Transport Module,42
STOCKING CUSTOMER,T-BERD 8000,10
STOCKING CUSTOMER,T-Berd/MTS-5800,57
STOCKING CUSTOMER,Test Devices,57
STOCKING CUSTOMER,Ultra FED,4
SUDDEN LINK COMMUNICATIONS,DSAM,5
SUDDEN LINK COMMUNICATIONS,HCU1500,3
SUDDEN LINK COMMUNICATIONS,Repair,10
SUDDEN LINK COMMUNICATIONS,SDA,3
SUDDEN LINK COMMUNICATIONS,SDA-5000,1
SUPPLY SOLUTIONS,Digital Inspection & Test,3
SUPPLY SOLUTIONS,DSAM,5
SUPPLY SOLUTIONS,HCU1500,3
SUPPLY SOLUTIONS,ONX-580,2
SUPPLY SOLUTIONS,Test Devices,2
SUPPLY SOLUTIONS,VSE-1100,4
SYNCHRONOUS COMMUNICATION,FST-2000,2
SYNNEX,NI - Maintenance,3
SYRINGA WIRELESS,Accessories,6
SYRINGA WIRELESS,Test Devices,8
SYSTEM SERVICES BROADBAND,DSAM,8
SYSTEM SERVICES BROADBAND,HCU1500,4
SYSTEM SERVICES BROADBAND,SDA-5000,4
SYSTEM SERVICES BROADBAND,StrataSync,4
SYSTEMS TECHNOLOGIES,Common Product,1
SYSTEMS TECHNOLOGIES,Support Plans,3
SYSTEMS TECHNOLOGIES,TB-6000A Transport Module,2
TALLEY,Digital Inspection & Test,11
TALLEY,Probe Tips,3
TALLEY,Support Plans,6
TALLEY,Test Devices,11
TANADGUSIX,Repair,2
TAPIAN COMMUNICACIONES,DSAM,7
TATA GROUP,Accessories,4
TATA GROUP,CA product,52
TATA GROUP,Converged Assurance Support,1
TATA GROUP,HST-3000C,6
TATA GROUP,HST-3000C-CE,17
TATA GROUP,ONX-580,6
TATA GROUP,StrataSync,6
TATA GROUP,Support Plans,29
TATA GROUP,TB-6000A Transport Module,9
TATA GROUP,T-Berd/MTS-5800,69
TE CONNECTIVITY,Accessories,6
TE CONNECTIVITY,Analog Inspection & Test,18
TE CONNECTIVITY,Benchtop Inspection,69
TE CONNECTIVITY,CleanBlast,4
TE CONNECTIVITY,Digital Inspection & Test,8
TE CONNECTIVITY,Probe Tips,5
TE CONNECTIVITY,Repair,1
TE CONNECTIVITY,TB-6000A Transport Module,6
TE CONNECTIVITY,Test Devices,11
TEAM FISHEL,DSAM,6
TEAM FISHEL,HCU1500,2
TEAM FISHEL,StrataSync,2
TECHNOLOGY SOLUTIONS,DSAM,5
TECNOUS,OSA,3
TEISA,HST-3000 SIMs,8
TEISA,HST-3000C,40
TEISA,HST-3000C-CE,7
TEK SIGNALS,SmartClass E1,8
TEKTRONIX,Calibrations,4
TEKTRONIX,Dispersion modules,1
TEKTRONIX,HST-3000C-CE,2
TEKTRONIX,Repair,3
TEKTRONIX,Test Devices,4
TEL TECH PLUS,Ultra FED,2
TELAMON,Accessories,1
TELAMON,ACE,4
TELAMON,BrightJack,7
TELAMON,Calibrations,6
TELAMON,Digital Inspection & Test,1
TELAMON,Test Devices,1
TELE CABLE SERVICES,SDA-5000,9
TELECOM,Digital Inspection & Test,2
TELECOM,TB-6000A Transport Module,7
TELECOM,T-BERD 8000,1
TELECOM,T-Berd/MTS-5800,5
TELECOM SVCS OF TRINIDAD & TOBAGO (TSTT),HST-3000 SIMs,3
TELECOM SVCS OF TRINIDAD & TOBAGO (TSTT),HST-3000C,3
TELECOM SVCS OF TRINIDAD & TOBAGO (TSTT),Support Plans,7
TELECOM TECHNOLOGY,RANAdvisor Product,2
TELECOM TECHNOLOGY,RANAdvisor Services & Support,1
TELEFONICA,Digital Inspection & Test,4
TELEFONICA,RCATS Product,1
TELEFONICA,SmartID,7
TELEKOM MALAYSIA,ONX-580,1
TELEKOM MALAYSIA,T-Berd/MTS-5800,4
TELEKOM MALAYSIA,Test Devices,6
TELEVISION INTERNACIONAL,Accessories,8
TELEVISION INTERNACIONAL,Probe Tips,10
TELEVISION INTERNACIONAL,SMARTClass Fiber,4
TELEVISION INTERNACIONAL,Test Devices,2
TELKOM,HST-3000C,12
TELKOM,HST-3000C-CE,12
TELKOM,T-Berd/MTS-5800,7
TELMEX,Location Intelligence Services,1
TELMEX,SmartClass E1,16
TELMEX,Test Devices,3
TELUS COMMUNICATIONS,FST-2802 G,5
TELUS COMMUNICATIONS,TrueSpeed,9
TENAGA NASIONAL,HST-3000C-CE,7
TENAGA NASIONAL,Probe Tips,12
TENAGA NASIONAL,Test Devices,18
TENNESSEE VALLEY AUTHORITY,HST-3000 SIMs,1
TERRABIT NETWORKS,T-Berd/MTS-5800,3
TESCOM,HST-3000C-CE,2
TESCOM,Repair,3
TESSCO TECHNOLOGIES,Accessories,216
TESSCO TECHNOLOGIES,CellAdvisor,6
TESSCO TECHNOLOGIES,Digital Inspection & Test,37
TESSCO TECHNOLOGIES,FIT Generic,43
TESSCO TECHNOLOGIES,HST-3000 SIMs,2
TESSCO TECHNOLOGIES,HST-3000C,18
TESSCO TECHNOLOGIES,HST-3000C-CE,8
TESSCO TECHNOLOGIES,ONX-580,4
TESSCO TECHNOLOGIES,Probe Tips,192
TESSCO TECHNOLOGIES,RANAdvisor Product,7
TESSCO TECHNOLOGIES,SmartPocket Handhelds,78
TESSCO TECHNOLOGIES,StrataSync,3
TESSCO TECHNOLOGIES,Support Plans,2
TESSCO TECHNOLOGIES,TB-6000A Transport Module,11
TESSCO TECHNOLOGIES,T-BERD 8000,4
TESSCO TECHNOLOGIES,T-Berd/MTS-5800,61
TESSCO TECHNOLOGIES,Test Devices,60
TEST EQUITY,Digital Inspection & Test,4
TEST EQUITY,Probe Tips,4
TEST EQUITY,Support Plans,15
TEXAS INSTRUMENTS,NI - Maintenance,1
TEXAS INSTRUMENTS,nTAPs,1
THALES,Accessories,6
THALES,Probe Tips,48
THE CABLING TEAM,Ethernet Network Management Tools,1
THE CABLING TEAM,Repair,3
THOMASVILLE UTILITIES,T-BERD 8000,1
THORLABS,Repair,2
TIM CELULAR,HST-3000 SIMs,4
TIM CELULAR,HST-3000C,16
TIM CELULAR,SmartClass Triple Play,1
TIM CELULAR,Ultra FED,4
TIMBERLINE CONSTRUCTION,OTDR - FiberComplete modules,4
TIME WARNER CABLE,Calibrations,25
TIME WARNER CABLE,Digital Inspection & Test,5
TIME WARNER CABLE,DSAM,496
TIME WARNER CABLE,DSAM 2300/3300,5
TIME WARNER CABLE,DSAM Upgrades,13
TIME WARNER CABLE,HCU1500,292
TIME WARNER CABLE,HST-3000C,9
TIME WARNER CABLE,Legacy Wireline Services,2
TIME WARNER CABLE,ONX-580,19
TIME WARNER CABLE,Passive Plug-ins,7
TIME WARNER CABLE,PathTrak,470
TIME WARNER CABLE,QT-600-2,1
TIME WARNER CABLE,Repair,183
TIME WARNER CABLE,Replacement Parts,6
TIME WARNER CABLE,RPM2000,75
TIME WARNER CABLE,RPM-3000,49
TIME WARNER CABLE,SDA-5000,13
TIME WARNER CABLE,SmartID,22
TIME WARNER CABLE,StrataSync,135
TIME WARNER CABLE,TB-6000A Transport Module,14
TIME WARNER CABLE,T-BERD 8000,5
TIME WARNER CABLE,T-Berd/MTS-5800,54
TIME WARNER CABLE,Test Devices,9
TIME WARNER CABLE,VSE-1100,25
TIME WARNER CABLE,WR 2.5G Trans/Regen,5
TOWERSITE SERVICES,OTDR - FiberComplete modules,4
TRA SOLUTIONS,DSAM,11
TRA SOLUTIONS,SDA,2
TRACE SYSTEMS,HST-3000 SIMs,4
TRACE SYSTEMS,OTDR - FiberComplete modules,1
TRACE SYSTEMS,TB/MTS 8000 Platform,1
TRACE SYSTEMS,TB/MTS-6000 Platform,1
TRIANGLE COMMUNICATIONS,HST-3000 SIMs,6
TRIANGLE COMMUNICATIONS,HST-3000C,35
TRIANGLE COMMUNICATIONS,HST-3000C-CE,3
TRIANGLE COMMUNICATIONS,Probe Tips,2
TRIANGLE COMMUNICATIONS,Ultra FED,6
TRUENET,Accessories,1
TRUVISTA COMMUNICATIONS,Repair,3
TRUVISTA COMMUNICATIONS,RPM-3000,1
TULSAT,DSAM,2
TULSAT,SDA-5000,4
TXI,Digital Inspection & Test,1
U MOBILE,CellAdvisor,6
UNITED STATES MARINE CORPS,Accessories,36
UNITED STATES MARINE CORPS,Analog Inspection & Test,4
UNITED STATES MARINE CORPS,Digital Inspection & Test,4
UNITED STATES MARINE CORPS,FIT Generic,8
UNITED STATES MARINE CORPS,FST-2310-OC3,4
UNITED STATES MARINE CORPS,HST-3000 SIMs,1
UNITED STATES MARINE CORPS,Probe Tips,28
UNITED STATES MARINE CORPS,SMART Handhelds,4
UNITED STATES MARINE CORPS,SmartPocket Handhelds,4
UNITED STATES MARINE CORPS,Support Plans,21
UNITED STATES MARINE CORPS,TB/MTS 8000 Platform,4
UNITED STATES MARINE CORPS,TB/MTS-2000 Platform,4
UNITED STATES MARINE CORPS,TB-6000A Transport Module,8
UNITED STATES MARINE CORPS,T-Berd/MTS-5800,4
UNITED STATES MARINE CORPS,Test Devices,12
UNWIRED BROADBAND,Support Plans,3
UNWIRED BROADBAND,T-Berd/MTS-5800,12
US CELLULAR,RANAdvisor Product,59
US CELLULAR,RANAdvisor Services & Support,27
USA COMMUNICATIONS,MS-1400,1
UTILITY SALES,Digital Inspection & Test,2
UTILITY SALES,TB-6000A Transport Module,6
UTILITY SALES,T-BERD 8000,2
UTILITY SALES,T-Berd/MTS-5800,10
VALUE TESTERS,Accessories,1
VALUE TESTERS,Certifier,3
VALUE TESTERS,Digital Inspection & Test,20
VALUE TESTERS,Test Devices,1
VEGA ENTERPRISE,DSAM,2
VEGA ENTERPRISE,SDA-5000,2
VELOCITY TELECOM,DSAM,2
VELOCITY TELECOM,HCU1500,2
VELOCITY TELECOM,StrataSync,2
VERIZON,Accessories,1
VERIZON,Calibrations,2
VERIZON,Digital Inspection & Test,6
VERIZON,DSAM,2
VERIZON,DTS,14
VERIZON,FST-2310-DS3,1
VERIZON,HCU1500,2
VERIZON,HST-3000C,9
VERIZON,Legacy Wireline Services,1
VERIZON,NC Ethernet TT,13
VERIZON,OTDR - FiberComplete modules,4
VERIZON,Probe Tips,48
VERIZON,PT Hardware,1
VERIZON,QT-600-10,24
VERIZON,StrataSync,2
VERIZON,TB-6000A Transport Module,10
VERIZON,T-Berd/MTS-5800,24
VERIZON,Test Devices,1
VERIZON,VSA,5
VERIZON WIRELESS,Accessories,77
VERIZON WIRELESS,CellAdvisor,27
VERIZON WIRELESS,CT-650,3
VERIZON WIRELESS,Digital Inspection & Test,9
VERIZON WIRELESS,EA Support,15
VERIZON WIRELESS,Education,10
VERIZON WIRELESS,HST-3000 SIMs,1
VERIZON WIRELESS,HST-3000C-CE,6
VERIZON WIRELESS,ONX-580,36
VERIZON WIRELESS,OTDR - FiberComplete modules,11
VERIZON WIRELESS,Other - Solutions Classic,5
VERIZON WIRELESS,Probe Tips,213
VERIZON WIRELESS,QT-600-10,45
VERIZON WIRELESS,QT-600-2,126
VERIZON WIRELESS,RANAdvisor Product,17
VERIZON WIRELESS,Repair,3
VERIZON WIRELESS,StrataSync,44
VERIZON WIRELESS,TB/MTS 8000 Platform,2
VERIZON WIRELESS,TB-6000A Transport Module,242
VERIZON WIRELESS,T-BERD 8000,34
VERIZON WIRELESS,T-Berd/MTS-5800,403
VERIZON WIRELESS,Test Devices,146
VIDEOTRON,Location Intelligence Product,1
VIETTEL,Probe Tips,3
VIETTEL,T-Berd/MTS-5800,19
VNPT,HST-3000C,3
VNPT,HST-3000C-CE,3
VNPT,T-Berd/MTS-5800,3
VODAFONE,T-Berd/MTS-5800,3
VYVE BROADBAND,Repair,2
WALKER & ASSOCIATES,Probe Tips,5
WALKER & ASSOCIATES,T-Berd/MTS-5800,4
WALSH ENGINEERING SERVICES,Test Devices,1
WANANCHI GROUP,PathTrak,4
WANANCHI GROUP,RPM-3000,4
WAVE BROADBAND,DSAM,6
WAVE BROADBAND,HCU1500,2
WAVE BROADBAND,StrataSync,2
WEHCO VIDEO,DSAM,2
WEHCO VIDEO,Repair,3
WESCO INTERNATIONAL,Calibrations,2
WESCO INTERNATIONAL,Certifier,4
WESCO INTERNATIONAL,Digital Inspection & Test,8
WESCO INTERNATIONAL,DSAM,3
WESCO INTERNATIONAL,HCU1500,3
WESCO INTERNATIONAL,OTDR - FiberComplete modules,6
WESCO INTERNATIONAL,Repair,7
WESCO INTERNATIONAL,SMART Handhelds,6
WESCO INTERNATIONAL,TB/MTS-2000 Platform,3
WESCO INTERNATIONAL,Test Devices,3
WESTELL,Other - Solutions Classic,1
WESTERN DIGITAL,Repair,12
WESTERN DIGITAL,XGIG - Other,5
WESTOWER COMMUNICATIONS,Digital Inspection & Test,3
WHARF T&T,T-Berd/MTS-5800,3
WHIDBEY TELECOM,Ultra FED,4
WIDEOPENWEST,DSAM,5
WIDEOPENWEST,Legacy Wireline Services,1
WIDEOPENWEST,SDA,2
WIDEOPENWEST,SDA-5000,12
WILCON,Digital Inspection & Test,3
WILLIAMS COMMUNICATIONS,ACE,10
WIND TELECOM,DSAM,2
WIND TELECOM,HCU1500,2
WIND TELECOM,StrataSync,2
WINDSTREAM,Accessories,20
WINDSTREAM,Digital Inspection & Test,35
WINDSTREAM,EA Support,2
WINDSTREAM,HST-3000 SIMs,92
WINDSTREAM,HST-3000C,496
WINDSTREAM,HST-3000C-CE,108
WINDSTREAM,ONX-580,50
WINDSTREAM,OTDR - FiberComplete modules,1
WINDSTREAM,Probe Tips,32
WINDSTREAM,QT-600-10,7
WINDSTREAM,QT-600-2,2
WINDSTREAM,SMARTClass Fiber,1
WINDSTREAM,TB-6000A Transport Module,137
WINDSTREAM,T-BERD 8000,81
WINDSTREAM,T-Berd/MTS-5800,456
WINDSTREAM,Test Devices,46
WINDSTREAM,Ultra FED,15
WIRELESS NETWORK GROUP,OTDR - FiberComplete modules,4
WOODWARD MCCOACH,Digital Inspection & Test,1
WORKS SERVICE,Ethernet Network Management Tools,1
WORLD WIDE TECHNOLOGY,NI - Maintenance,2
WORLD WIDE TECHNOLOGY,nTAPs,2
WWG COMMUNICATIONS TEST SOLUTIONS,MTS-5100e,6
WWG COMMUNICATIONS TEST SOLUTIONS,Repair,3
XCELL,SmartPocket Handhelds,4
XCELL,Test Devices,4
XENAB,T-Berd/MTS-5800,12
XO COMMUNICATIONS,Calibrations,3
XO COMMUNICATIONS,HST-3000C-CE,5
XO COMMUNICATIONS,T-Berd/MTS-5800,4
ZAYO GROUP,T-BERD 8000,1
ZAYO GROUP,Test Devices,4
ZERO CONNECT,Digital Inspection & Test,2
ZERO CONNECT,Probe Tips,6
ZITO MEDIA,DSAM,9
ZITO MEDIA,Repair,2
ZTE,HST-3000 SIMs,3
ZTE,HST-3000C,6
ZTE,SmartClass E1,8
ZTE,Test Devices,3
